{
  "accuracy": 0.9688801764273463,
  "precision_weighted": 0.9695294765205198,
  "recall_weighted": 0.9688801764273463,
  "f1_weighted": 0.9688119195194752,
  "precision_macro": 0.9590837019431476,
  "recall_macro": 0.9574011640265953,
  "f1_macro": 0.9573675265063154,
  "auc_macro_ovr": 0.9996156505075349
}
