Model,Accuracy,Precision_weighted,Recall_weighted,F1_weighted,Precision_macro,Recall_macro,F1_macro,AUC_macro_OVR,Median_latency_ms,P95_latency_ms
InceptionV3,0.5694682675814752,0.5669390561292103,0.5694682675814752,0.5673265831189652,0.533058607330188,0.5437978951695325,0.5358935831896254,0.8706198145232698,10.7121,12.269929999999999
MobileNetV2,0.5670178877726048,0.5657647768866457,0.5670178877726048,0.5654261641910169,0.5377180228177225,0.5371921945856641,0.5362447611978001,0.8721754201113692,45.376400000000004,106.95931499999998
MobileNetV2+CBAM,0.5679980396961529,0.5656567885939253,0.5679980396961529,0.5660835859511206,0.5377025681974823,0.5366984912153312,0.5361951442731164,0.881302515271028,45.42215,102.54171499999998
Xception,0.5727762803234502,0.5718690430389216,0.5727762803234502,0.5722274949984856,0.5415436444100687,0.54422460086053,0.5427177424833944,0.8420385737322147,200.14515,304.13298499999996
